日付,日出（JST）,日没（JST）,昼間長,夜間長
2025/1/1,7:16,17:08,9時間52分7秒,14時間7分53秒
2025/1/2,7:16,17:09,9時間52分43秒,14時間7分17秒
2025/1/3,7:16,17:10,9時間53分22秒,14時間6分38秒
2025/1/4,7:16,17:10,9時間54分5秒,14時間5分55秒
2025/1/5,7:16,17:11,9時間54分50秒,14時間5分10秒
2025/1/6,7:16,17:12,9時間55分38秒,14時間4分22秒
2025/1/7,7:16,17:13,9時間56分29秒,14時間3分31秒
2025/1/8,7:16,17:14,9時間57分23秒,14時間2分37秒
2025/1/9,7:16,17:15,9時間58分19秒,14時間1分41秒
2025/1/10,7:16,17:16,9時間59分20秒,14時間0分40秒
2025/1/11,7:16,17:17,10時間0分22秒,13時間59分38秒
2025/1/12,7:16,17:17,10時間1分26秒,13時間58分34秒
2025/1/13,7:16,17:18,10時間2分34秒,13時間57分26秒
2025/1/14,7:16,17:19,10時間3分44秒,13時間56分16秒
2025/1/15,7:15,17:20,10時間4分57秒,13時間55分3秒
2025/1/16,7:15,17:21,10時間6分12秒,13時間53分48秒
2025/1/17,7:15,17:22,10時間7分29秒,13時間52分31秒
2025/1/18,7:14,17:23,10時間8分49秒,13時間51分11秒
2025/1/19,7:14,17:24,10時間10分11秒,13時間49分49秒
2025/1/20,7:14,17:25,10時間11分36秒,13時間48分24秒
2025/1/21,7:13,17:26,10時間13分2秒,13時間46分58秒
2025/1/22,7:13,17:27,10時間14分31秒,13時間45分29秒
2025/1/23,7:12,17:28,10時間16分1秒,13時間43分59秒
2025/1/24,7:12,17:29,10時間17分34秒,13時間42分26秒
2025/1/25,7:11,17:30,10時間19分8秒,13時間40分52秒
2025/1/26,7:11,17:31,10時間20分45秒,13時間39分15秒
2025/1/27,7:10,17:32,10時間22分23秒,13時間37分37秒
2025/1/28,7:09,17:33,10時間24分3秒,13時間35分57秒
2025/1/29,7:09,17:34,10時間25分45秒,13時間34分15秒
2025/1/30,7:08,17:35,10時間27分28秒,13時間32分32秒
2025/1/31,7:07,17:37,10時間29分13秒,13時間30分47秒
2025/2/1,7:07,17:38,10時間31分0秒,13時間29分0秒
2025/2/2,7:06,17:39,10時間32分48秒,13時間27分12秒
2025/2/3,7:05,17:40,10時間34分38秒,13時間25分22秒
2025/2/4,7:04,17:41,10時間36分28秒,13時間23分32秒
2025/2/5,7:03,17:42,10時間38分21秒,13時間21分39秒
2025/2/6,7:02,17:43,10時間40分14秒,13時間19分46秒
2025/2/7,7:02,17:44,10時間42分8秒,13時間17分52秒
2025/2/8,7:01,17:45,10時間44分4秒,13時間15分56秒
2025/2/9,7:00,17:46,10時間46分2秒,13時間13分58秒
2025/2/10,6:59,17:47,10時間48分0秒,13時間12分0秒
2025/2/11,6:58,17:48,10時間49分59秒,13時間10分1秒
2025/2/12,6:57,17:49,10時間51分59秒,13時間8分1秒
2025/2/13,6:56,17:50,10時間54分0秒,13時間6分0秒
2025/2/14,6:55,17:51,10時間56分2秒,13時間3分58秒
2025/2/15,6:54,17:52,10時間58分5秒,13時間1分55秒
2025/2/16,6:52,17:53,11時間0分8秒,12時間59分52秒
2025/2/17,6:51,17:54,11時間2分13秒,12時間57分47秒
2025/2/18,6:50,17:55,11時間4分18秒,12時間55分42秒
2025/2/19,6:49,17:56,11時間6分24秒,12時間53分36秒
2025/2/20,6:48,17:56,11時間8分31秒,12時間51分29秒
2025/2/21,6:47,17:57,11時間10分38秒,12時間49分22秒
2025/2/22,6:46,17:58,11時間12分46秒,12時間47分14秒
2025/2/23,6:44,17:59,11時間14分55秒,12時間45分5秒
2025/2/24,6:43,18:00,11時間17分4秒,12時間42分56秒
2025/2/25,6:42,18:01,11時間19分13秒,12時間40分47秒
2025/2/26,6:41,18:02,11時間21分24秒,12時間38分36秒
2025/2/27,6:39,18:03,11時間23分34秒,12時間36分26秒
2025/2/28,6:38,18:04,11時間25分45秒,12時間34分15秒
2025/3/1,6:37,18:05,11時間27分56秒,12時間32分4秒
2025/3/2,6:36,18:06,11時間30分7秒,12時間29分53秒
2025/3/3,6:34,18:07,11時間32分20秒,12時間27分40秒
2025/3/4,6:33,18:07,11時間34分32秒,12時間25分28秒
2025/3/5,6:32,18:08,11時間36分44秒,12時間23分16秒
2025/3/6,6:30,18:09,11時間38分58秒,12時間21分2秒
2025/3/7,6:29,18:10,11時間41分11秒,12時間18分49秒
2025/3/8,6:28,18:11,11時間43分25秒,12時間16分35秒
2025/3/9,6:26,18:12,11時間45分38秒,12時間14分22秒
2025/3/10,6:25,18:13,11時間47分53秒,12時間12分7秒
2025/3/11,6:23,18:14,11時間50分6秒,12時間9分54秒
2025/3/12,6:22,18:14,11時間52分20秒,12時間7分40秒
2025/3/13,6:21,18:15,11時間54分35秒,12時間5分25秒
2025/3/14,6:19,18:16,11時間56分49秒,12時間3分11秒
2025/3/15,6:18,18:17,11時間59分3秒,12時間0分57秒
2025/3/16,6:17,18:18,12時間1分18秒,11時間58分42秒
2025/3/17,6:15,18:19,12時間3分33秒,11時間56分27秒
2025/3/18,6:14,18:19,12時間5分47秒,11時間54分13秒
2025/3/19,6:12,18:20,12時間8分2秒,11時間51分58秒
2025/3/20,6:11,18:21,12時間10分17秒,11時間49分43秒
2025/3/21,6:09,18:22,12時間12分31秒,11時間47分29秒
2025/3/22,6:08,18:23,12時間14分46秒,11時間45分14秒
2025/3/23,6:07,18:24,12時間17分1秒,11時間42分59秒
2025/3/24,6:05,18:24,12時間19分15秒,11時間40分45秒
2025/3/25,6:04,18:25,12時間21分29秒,11時間38分31秒
2025/3/26,6:02,18:26,12時間23分44秒,11時間36分16秒
2025/3/27,6:01,18:27,12時間25分58秒,11時間34分2秒
2025/3/28,5:59,18:28,12時間28分12秒,11時間31分48秒
2025/3/29,5:58,18:29,12時間30分26秒,11時間29分34秒
2025/3/30,5:57,18:29,12時間32分38秒,11時間27分22秒
2025/3/31,5:55,18:30,12時間34分52秒,11時間25分8秒
2025/4/1,5:54,18:31,12時間37分6秒,11時間22分54秒
2025/4/2,5:52,18:32,12時間39分19秒,11時間20分41秒
2025/4/3,5:51,18:33,12時間41分31秒,11時間18分29秒
2025/4/4,5:50,18:33,12時間43分43秒,11時間16分17秒
2025/4/5,5:48,18:34,12時間45分56秒,11時間14分4秒
2025/4/6,5:47,18:35,12時間48分7秒,11時間11分53秒
2025/4/7,5:46,18:36,12時間50分18秒,11時間9分42秒
2025/4/8,5:44,18:37,12時間52分29秒,11時間7分31秒
2025/4/9,5:43,18:37,12時間54分40秒,11時間5分20秒
2025/4/10,5:41,18:38,12時間56分50秒,11時間3分10秒
2025/4/11,5:40,18:39,12時間59分0秒,11時間1分0秒
2025/4/12,5:39,18:40,13時間1分9秒,10時間58分51秒
2025/4/13,5:37,18:41,13時間3分18秒,10時間56分42秒
2025/4/14,5:36,18:42,13時間5分26秒,10時間54分34秒
2025/4/15,5:35,18:42,13時間7分33秒,10時間52分27秒
2025/4/16,5:33,18:43,13時間9分40秒,10時間50分20秒
2025/4/17,5:32,18:44,13時間11分47秒,10時間48分13秒
2025/4/18,5:31,18:45,13時間13分53秒,10時間46分7秒
2025/4/19,5:30,18:46,13時間15分57秒,10時間44分3秒
2025/4/20,5:28,18:46,13時間18分2秒,10時間41分58秒
2025/4/21,5:27,18:47,13時間20分5秒,10時間39分55秒
2025/4/22,5:26,18:48,13時間22分9秒,10時間37分51秒
2025/4/23,5:25,18:49,13時間24分11秒,10時間35分49秒
2025/4/24,5:24,18:50,13時間26分12秒,10時間33分48秒
2025/4/25,5:22,18:51,13時間28分12秒,10時間31分48秒
2025/4/26,5:21,18:51,13時間30分12秒,10時間29分48秒
2025/4/27,5:20,18:52,13時間32分11秒,10時間27分49秒
2025/4/28,5:19,18:53,13時間34分9秒,10時間25分51秒
2025/4/29,5:18,18:54,13時間36分4秒,10時間23分56秒
2025/4/30,5:17,18:55,13時間38分0秒,10時間22分0秒
2025/5/1,5:16,18:56,13時間39分55秒,10時間20分5秒
2025/5/2,5:15,18:56,13時間41分48秒,10時間18分12秒
2025/5/3,5:14,18:57,13時間43分41秒,10時間16分19秒
2025/5/4,5:13,18:58,13時間45分31秒,10時間14分29秒
2025/5/5,5:12,18:59,13時間47分21秒,10時間12分39秒
2025/5/6,5:11,19:00,13時間49分10秒,10時間10分50秒
2025/5/7,5:10,19:01,13時間50分57秒,10時間9分3秒
2025/5/8,5:09,19:01,13時間52分42秒,10時間7分18秒
2025/5/9,5:08,19:02,13時間54分27秒,10時間5分33秒
2025/5/10,5:07,19:03,13時間56分10秒,10時間3分50秒
2025/5/11,5:06,19:04,13時間57分51秒,10時間2分9秒
2025/5/12,5:05,19:05,13時間59分31秒,10時間0分29秒
2025/5/13,5:04,19:05,14時間1分8秒,9時間58分52秒
2025/5/14,5:03,19:06,14時間2分46秒,9時間57分14秒
2025/5/15,5:03,19:07,14時間4分20秒,9時間55分40秒
2025/5/16,5:02,19:08,14時間5分53秒,9時間54分7秒
2025/5/17,5:01,19:09,14時間7分24秒,9時間52分36秒
2025/5/18,5:00,19:09,14時間8分54秒,9時間51分6秒
2025/5/19,5:00,19:10,14時間10分21秒,9時間49分39秒
2025/5/20,4:59,19:11,14時間11分46秒,9時間48分14秒
2025/5/21,4:59,19:12,14時間13分10秒,9時間46分50秒
2025/5/22,4:58,19:12,14時間14分31秒,9時間45分29秒
2025/5/23,4:57,19:13,14時間15分50秒,9時間44分10秒
2025/5/24,4:57,19:14,14時間17分7秒,9時間42分53秒
2025/5/25,4:56,19:15,14時間18分22秒,9時間41分38秒
2025/5/26,4:56,19:15,14時間19分35秒,9時間40分25秒
2025/5/27,4:55,19:16,14時間20分45秒,9時間39分15秒
2025/5/28,4:55,19:17,14時間21分53秒,9時間38分7秒
2025/5/29,4:54,19:17,14時間22分59秒,9時間37分1秒
2025/5/30,4:54,19:18,14時間24分2秒,9時間35分58秒
2025/5/31,4:54,19:19,14時間25分2秒,9時間34分58秒
2025/6/1,4:53,19:19,14時間26分1秒,9時間33分59秒
2025/6/2,4:53,19:20,14時間26分57秒,9時間33分3秒
2025/6/3,4:53,19:21,14時間27分49秒,9時間32分11秒
2025/6/4,4:53,19:21,14時間28分39秒,9時間31分21秒
2025/6/5,4:52,19:22,14時間29分28秒,9時間30分32秒
2025/6/6,4:52,19:22,14時間30分12秒,9時間29分48秒
2025/6/7,4:52,19:23,14時間30分54秒,9時間29分6秒
2025/6/8,4:52,19:23,14時間31分34秒,9時間28分26秒
2025/6/9,4:52,19:24,14時間32分10秒,9時間27分50秒
2025/6/10,4:52,19:24,14時間32分44秒,9時間27分16秒
2025/6/11,4:52,19:25,14時間33分16秒,9時間26分44秒
2025/6/12,4:52,19:25,14時間33分43秒,9時間26分17秒
2025/6/13,4:52,19:26,14時間34分8秒,9時間25分52秒
2025/6/14,4:52,19:26,14時間34分31秒,9時間25分29秒
2025/6/15,4:52,19:26,14時間34分50秒,9時間25分10秒
2025/6/16,4:52,19:27,14時間35分6秒,9時間24分54秒
2025/6/17,4:52,19:27,14時間35分20秒,9時間24分40秒
2025/6/18,4:52,19:27,14時間35分30秒,9時間24分30秒
2025/6/19,4:52,19:28,14時間35分38秒,9時間24分22秒
2025/6/20,4:52,19:28,14時間35分42秒,9時間24分18秒
2025/6/21,4:52,19:28,14時間35分43秒,9時間24分17秒
2025/6/22,4:53,19:28,14時間35分41秒,9時間24分19秒
2025/6/23,4:53,19:29,14時間35分37秒,9時間24分23秒
2025/6/24,4:53,19:29,14時間35分29秒,9時間24分31秒
2025/6/25,4:54,19:29,14時間35分19秒,9時間24分41秒
2025/6/26,4:54,19:29,14時間35分6秒,9時間24分54秒
2025/6/27,4:54,19:29,14時間34分49秒,9時間25分11秒
2025/6/28,4:55,19:29,14時間34分30秒,9時間25分30秒
2025/6/29,4:55,19:29,14時間34分8秒,9時間25分52秒
2025/6/30,4:55,19:29,14時間33分42秒,9時間26分18秒
2025/7/1,4:56,19:29,14時間33分13秒,9時間26分47秒
2025/7/2,4:56,19:29,14時間32分43秒,9時間27分17秒
2025/7/3,4:57,19:29,14時間32分9秒,9時間27分51秒
2025/7/4,4:57,19:29,14時間31分32秒,9時間28分28秒
2025/7/5,4:58,19:29,14時間30分53秒,9時間29分7秒
2025/7/6,4:58,19:28,14時間30分11秒,9時間29分49秒
2025/7/7,4:59,19:28,14時間29分26秒,9時間30分34秒
2025/7/8,4:59,19:28,14時間28分38秒,9時間31分22秒
2025/7/9,5:00,19:28,14時間27分48秒,9時間32分12秒
2025/7/10,5:00,19:27,14時間26分55秒,9時間33分5秒
2025/7/11,5:01,19:27,14時間26分0秒,9時間34分0秒
2025/7/12,5:02,19:27,14時間25分3秒,9時間34分57秒
2025/7/13,5:02,19:26,14時間24分2秒,9時間35分58秒
2025/7/14,5:03,19:26,14時間22分59秒,9時間37分1秒
2025/7/15,5:04,19:25,14時間21分54秒,9時間38分6秒
2025/7/16,5:04,19:25,14時間20分47秒,9時間39分13秒
2025/7/17,5:05,19:24,14時間19分36秒,9時間40分24秒
2025/7/18,5:06,19:24,14時間18分25秒,9時間41分35秒
2025/7/19,5:06,19:23,14時間17分10秒,9時間42分50秒
2025/7/20,5:07,19:23,14時間15分53秒,9時間44分7秒
2025/7/21,5:08,19:22,14時間14分35秒,9時間45分25秒
2025/7/22,5:08,19:22,14時間13分14秒,9時間46分46秒
2025/7/23,5:09,19:21,14時間11分52秒,9時間48分8秒
2025/7/24,5:10,19:20,14時間10分27秒,9時間49分33秒
2025/7/25,5:11,19:20,14時間9分0秒,9時間51分0秒
2025/7/26,5:11,19:19,14時間7分32秒,9時間52分28秒
2025/7/27,5:12,19:18,14時間6分2秒,9時間53分58秒
2025/7/28,5:13,19:17,14時間4分30秒,9時間55分30秒
2025/7/29,5:14,19:16,14時間2分56秒,9時間57分4秒
2025/7/30,5:14,19:16,14時間1分22秒,9時間58分38秒
2025/7/31,5:15,19:15,13時間59分44秒,10時間0分16秒
2025/8/1,5:16,19:14,13時間58分5秒,10時間1分55秒
2025/8/2,5:17,19:13,13時間56分25秒,10時間3分35秒
2025/8/3,5:17,19:12,13時間54分44秒,10時間5分16秒
2025/8/4,5:18,19:11,13時間53分1秒,10時間6分59秒
2025/8/5,5:19,19:10,13時間51分17秒,10時間8分43秒
2025/8/6,5:20,19:09,13時間49分31秒,10時間10分29秒
2025/8/7,5:20,19:08,13時間47分44秒,10時間12分16秒
2025/8/8,5:21,19:07,13時間45分55秒,10時間14分5秒
2025/8/9,5:22,19:06,13時間44分6秒,10時間15分54秒
2025/8/10,5:23,19:05,13時間42分15秒,10時間17分45秒
2025/8/11,5:24,19:04,13時間40分24秒,10時間19分36秒
2025/8/12,5:24,19:03,13時間38分31秒,10時間21分29秒
2025/8/13,5:25,19:02,13時間36分37秒,10時間23分23秒
2025/8/14,5:26,19:01,13時間34分43秒,10時間25分17秒
2025/8/15,5:27,18:59,13時間32分46秒,10時間27分14秒
2025/8/16,5:27,18:58,13時間30分49秒,10時間29分11秒
2025/8/17,5:28,18:57,13時間28分52秒,10時間31分8秒
2025/8/18,5:29,18:56,13時間26分53秒,10時間33分7秒
2025/8/19,5:30,18:55,13時間24分53秒,10時間35分7秒
2025/8/20,5:30,18:53,13時間22分53秒,10時間37分7秒
2025/8/21,5:31,18:52,13時間20分53秒,10時間39分7秒
2025/8/22,5:32,18:51,13時間18分51秒,10時間41分9秒
2025/8/23,5:33,18:50,13時間16分48秒,10時間43分12秒
2025/8/24,5:34,18:48,13時間14分44秒,10時間45分16秒
2025/8/25,5:34,18:47,13時間12分41秒,10時間47分19秒
2025/8/26,5:35,18:46,13時間10分37秒,10時間49分23秒
2025/8/27,5:36,18:44,13時間8分31秒,10時間51分29秒
2025/8/28,5:37,18:43,13時間6分26秒,10時間53分34秒
2025/8/29,5:37,18:42,13時間4分20秒,10時間55分40秒
2025/8/30,5:38,18:40,13時間2分13秒,10時間57分47秒
2025/8/31,5:39,18:39,13時間0分6秒,10時間59分54秒
2025/9/1,5:40,18:38,12時間57分58秒,11時間2分2秒
2025/9/2,5:40,18:36,12時間55分50秒,11時間4分10秒
2025/9/3,5:41,18:35,12時間53分43秒,11時間6分17秒
2025/9/4,5:42,18:33,12時間51分33秒,11時間8分27秒
2025/9/5,5:43,18:32,12時間49分24秒,11時間10分36秒
2025/9/6,5:43,18:31,12時間47分15秒,11時間12分45秒
2025/9/7,5:44,18:29,12時間45分4秒,11時間14分56秒
2025/9/8,5:45,18:28,12時間42分55秒,11時間17分5秒
2025/9/9,5:46,18:26,12時間40分44秒,11時間19分16秒
2025/9/10,5:46,18:25,12時間38分33秒,11時間21分27秒
2025/9/11,5:47,18:23,12時間36分23秒,11時間23分37秒
2025/9/12,5:48,18:22,12時間34分11秒,11時間25分49秒
2025/9/13,5:48,18:20,12時間32分0秒,11時間28分0秒
2025/9/14,5:49,18:19,12時間29分48秒,11時間30分12秒
2025/9/15,5:50,18:18,12時間27分37秒,11時間32分23秒
2025/9/16,5:51,18:16,12時間25分24秒,11時間34分36秒
2025/9/17,5:51,18:15,12時間23分13秒,11時間36分47秒
2025/9/18,5:52,18:13,12時間21分0秒,11時間39分0秒
2025/9/19,5:53,18:12,12時間18分48秒,11時間41分12秒
2025/9/20,5:54,18:10,12時間16分35秒,11時間43分25秒
2025/9/21,5:54,18:09,12時間14分24秒,11時間45分36秒
2025/9/22,5:55,18:07,12時間12分11秒,11時間47分49秒
2025/9/23,5:56,18:06,12時間9分58秒,11時間50分2秒
2025/9/24,5:57,18:04,12時間7分45秒,11時間52分15秒
2025/9/25,5:57,18:03,12時間5分33秒,11時間54分27秒
2025/9/26,5:58,18:02,12時間3分20秒,11時間56分40秒
2025/9/27,5:59,18:00,12時間1分8秒,11時間58分52秒
2025/9/28,6:00,17:59,11時間58分55秒,12時間1分5秒
2025/9/29,6:00,17:57,11時間56分43秒,12時間3分17秒
2025/9/30,6:01,17:56,11時間54分31秒,12時間5分29秒
2025/10/1,6:02,17:54,11時間52分18秒,12時間7分42秒
2025/10/2,6:03,17:53,11時間50分6秒,12時間9分54秒
2025/10/3,6:04,17:52,11時間47分54秒,12時間12分6秒
2025/10/4,6:04,17:50,11時間45分42秒,12時間14分18秒
2025/10/5,6:05,17:49,11時間43分30秒,12時間16分30秒
2025/10/6,6:06,17:47,11時間41分19秒,12時間18分41秒
2025/10/7,6:07,17:46,11時間39分8秒,12時間20分52秒
2025/10/8,6:08,17:45,11時間36分57秒,12時間23分3秒
2025/10/9,6:08,17:43,11時間34分46秒,12時間25分14秒
2025/10/10,6:09,17:42,11時間32分36秒,12時間27分24秒
2025/10/11,6:10,17:40,11時間30分25秒,12時間29分35秒
2025/10/12,6:11,17:39,11時間28分16秒,12時間31分44秒
2025/10/13,6:12,17:38,11時間26分6秒,12時間33分54秒
2025/10/14,6:13,17:36,11時間23分56秒,12時間36分4秒
2025/10/15,6:13,17:35,11時間21分48秒,12時間38分12秒
2025/10/16,6:14,17:34,11時間19分39秒,12時間40分21秒
2025/10/17,6:15,17:33,11時間17分32秒,12時間42分28秒
2025/10/18,6:16,17:31,11時間15分24秒,12時間44分36秒
2025/10/19,6:17,17:30,11時間13分17秒,12時間46分43秒
2025/10/20,6:18,17:29,11時間11分12秒,12時間48分48秒
2025/10/21,6:19,17:28,11時間9分6秒,12時間50分54秒
2025/10/22,6:19,17:26,11時間7分1秒,12時間52分59秒
2025/10/23,6:20,17:25,11時間4分56秒,12時間55分4秒
2025/10/24,6:21,17:24,11時間2分52秒,12時間57分8秒
2025/10/25,6:22,17:23,11時間0分49秒,12時間59分11秒
2025/10/26,6:23,17:22,10時間58分46秒,13時間1分14秒
2025/10/27,6:24,17:21,10時間56分45秒,13時間3分15秒
2025/10/28,6:25,17:20,10時間54分44秒,13時間5分16秒
2025/10/29,6:26,17:19,10時間52分44秒,13時間7分16秒
2025/10/30,6:27,17:18,10時間50分45秒,13時間9分15秒
2025/10/31,6:28,17:17,10時間48分47秒,13時間11分13秒
2025/11/1,6:29,17:16,10時間46分51秒,13時間13分9秒
2025/11/2,6:30,17:15,10時間44分54秒,13時間15分6秒
2025/11/3,6:31,17:14,10時間42分59秒,13時間17分1秒
2025/11/4,6:32,17:13,10時間41分5秒,13時間18分55秒
2025/11/5,6:32,17:12,10時間39分13秒,13時間20分47秒
2025/11/6,6:33,17:11,10時間37分21秒,13時間22分39秒
2025/11/7,6:34,17:10,10時間35分31秒,13時間24分29秒
2025/11/8,6:35,17:09,10時間33分41秒,13時間26分19秒
2025/11/9,6:36,17:08,10時間31分54秒,13時間28分6秒
2025/11/10,6:37,17:07,10時間30分7秒,13時間29分53秒
2025/11/11,6:38,17:07,10時間28分23秒,13時間31分37秒
2025/11/12,6:39,17:06,10時間26分40秒,13時間33分20秒
2025/11/13,6:40,17:05,10時間24分58秒,13時間35分2秒
2025/11/14,6:41,17:05,10時間23分18秒,13時間36分42秒
2025/11/15,6:42,17:04,10時間21分39秒,13時間38分21秒
2025/11/16,6:43,17:03,10時間20分2秒,13時間39分58秒
2025/11/17,6:44,17:03,10時間18分28秒,13時間41分32秒
2025/11/18,6:45,17:02,10時間16分55秒,13時間43分5秒
2025/11/19,6:46,17:02,10時間15分24秒,13時間44分36秒
2025/11/20,6:47,17:01,10時間13分55秒,13時間46分5秒
2025/11/21,6:48,17:01,10時間12分28秒,13時間47分32秒
2025/11/22,6:49,17:00,10時間11分3秒,13時間48分57秒
2025/11/23,6:50,17:00,10時間9分40秒,13時間50分20秒
2025/11/24,6:51,16:59,10時間8分20秒,13時間51分40秒
2025/11/25,6:52,16:59,10時間7分1秒,13時間52分59秒
2025/11/26,6:53,16:59,10時間5分45秒,13時間54分15秒
2025/11/27,6:54,16:58,10時間4分31秒,13時間55分29秒
2025/11/28,6:55,16:58,10時間3分20秒,13時間56分40秒
2025/11/29,6:56,16:58,10時間2分11秒,13時間57分49秒
2025/11/30,6:57,16:58,10時間1分5秒,13時間58分55秒
2025/12/1,6:57,16:57,10時間0分1秒,13時間59分59秒
2025/12/2,6:58,16:57,9時間59分0秒,14時間1分0秒
2025/12/3,6:59,16:57,9時間58分2秒,14時間1分58秒
2025/12/4,7:00,16:57,9時間57分6秒,14時間2分54秒
2025/12/5,7:01,16:57,9時間56分13秒,14時間3分47秒
2025/12/6,7:02,16:57,9時間55分23秒,14時間4分37秒
2025/12/7,7:03,16:57,9時間54分36秒,14時間5分24秒
2025/12/8,7:03,16:57,9時間53分52秒,14時間6分8秒
2025/12/9,7:04,16:57,9時間53分11秒,14時間6分49秒
2025/12/10,7:05,16:57,9時間52分33秒,14時間7分27秒
2025/12/11,7:06,16:58,9時間51分58秒,14時間8分2秒
2025/12/12,7:06,16:58,9時間51分26秒,14時間8分34秒
2025/12/13,7:07,16:58,9時間50分56秒,14時間9分4秒
2025/12/14,7:08,16:58,9時間50分31秒,14時間9分29秒
2025/12/15,7:08,16:59,9時間50分8秒,14時間9分52秒
2025/12/16,7:09,16:59,9時間49分49秒,14時間10分11秒
2025/12/17,7:10,16:59,9時間49分33秒,14時間10分27秒
2025/12/18,7:10,17:00,9時間49分20秒,14時間10分40秒
2025/12/19,7:11,17:00,9時間49分10秒,14時間10分50秒
2025/12/20,7:11,17:01,9時間49分4秒,14時間10分56秒
2025/12/21,7:12,17:01,9時間49分0秒,14時間11分0秒
2025/12/22,7:12,17:02,9時間49分1秒,14時間10分59秒
2025/12/23,7:13,17:02,9時間49分3秒,14時間10分57秒
2025/12/24,7:13,17:03,9時間49分10秒,14時間10分50秒
2025/12/25,7:14,17:03,9時間49分20秒,14時間10分40秒
2025/12/26,7:14,17:04,9時間49分33秒,14時間10分27秒
2025/12/27,7:15,17:04,9時間49分49秒,14時間10分11秒
2025/12/28,7:15,17:05,9時間50分9秒,14時間9分51秒
2025/12/29,7:15,17:06,9時間50分32秒,14時間9分28秒
2025/12/30,7:15,17:06,9時間50分58秒,14時間9分2秒
2025/12/31,7:16,17:07,9時間51分27秒,14時間8分33秒
